Country Name,Country Code,2000,2001,2002,2003,2004,2005,2006,2007,2008,2009,2010,2011,2012,2013,2014,2015,2016,2017,2018,2019,2020,2021,2022,2023
Afghanistan,AFG,652230,652230,652230,652230,652230,652230,652230,652230,652230,652230,652230,652230,652230,652230,652230,652230,652230,652230,652230,652230,652230,652230,,
Albania,ALB,27400,27400,27400,27400,27400,27400,27400,27400,27400,27400,27400,27400,27400,27400,27400,27400,27400,27400,27400,27400,27400,27400,,
Algeria,DZA,2381740,2381740,2381740,2381740,2381740,2381740,2381740,2381740,2381740,2381740,2381740,2381740,2381740,2381740,2381740,2381741,2381741,2381741,2381741,2381741,2381741,2381741,,
American Samoa,ASM,200,200,200,200,200,200,200,200,200,200,200,200,200,200,200,200,200,200,200,200,200,200,,
Andorra,AND,470,470,470,470,470,470,470,470,470,470,470,470,470,470,470,470,470,470,470,470,470,470,,
Angola,AGO,1246700,1246700,1246700,1246700,1246700,1246700,1246700,1246700,1246700,1246700,1246700,1246700,1246700,1246700,1246700,1246700,1246700,1246700,1246700,1246700,1246700,1246700,,
Antigua and Barbuda,ATG,440,440,440,440,440,440,440,440,440,440,440,440,440,440,440,440,440,440,440,440,440,440,,
Argentina,ARG,2736690,2736690,2736690,2736690,2736690,2736690,2736690,2736690,2736690,2736690,2736690,2736690,2736690,2736690,2736690,2736690,2736690,2736690,2736690,2736690,2736690,2736690,,
Armenia,ARM,28470,28470,28470,28470,28470,28470,28470,28470,28470,28470,28470,28470,28470,28470,28470,28470,28470,28470,28470,28470,28470,28470,,
Aruba,ABW,180,180,180,180,180,180,180,180,180,180,180,180,180,180,180,180,180,180,180,180,180,180,,
Australia,AUS,7682300,7682300,7682300,7682300,7682300,7682300,7682300,7682300,7682300,7682300,7682300,7682300,7682300,7682300,7682300,7682300,7692020,7692020,7692020,7692020,7692020,7692020,,
Austria,AUT,82520,82520,82520,82520,82520,82520,82520,82520,82520,82520,82520,82520,82520,82520,82520,82520,82520,82520,82520,82520,82520,82520,,
Azerbaijan,AZE,82605,82604,82618,82652,82672,82660,82637,82629,82627,82622,82656,82658,82658,82659,82663,82663,82670,82662,82654,82654,82646,82650,,
"Bahamas, The",BHS,10010,10010,10010,10010,10010,10010,10010,10010,10010,10010,10010,10010,10010,10010,10010,10010,10010,10010,10010,10010,10010,10010,,
Bahrain,BHR,710,710,710,720,730,740,740,750,760,760,762,767,770,770,771,778,779,780,778,780,785,790,,
Bangladesh,BGD,130170,130170,130170,130170,130170,130170,130170,130170,130170,130170,130170,130170,130170,130170,130170,130170,130170,130170,130170,130170,130170,130170,,
Barbados,BRB,430,430,430,430,430,430,430,430,430,430,430,430,430,430,430,430,430,430,430,430,430,430,,
Belarus,BLR,202848,202844,202829,202826,202815,202833,202904,202901,202902,202898,202902,202910,202899,202908,202973,202978,202988,202988,202980,202965,202980,202950,,
Belgium,BEL,30280,30280,30280,30280,30280,30280,30280,30280,30280,30280,30280,30280,30280,30280,30280,30280,30280,30280,30280,30280,30280,30280,,
Belize,BLZ,22810,22810,22810,22810,22810,22810,22810,22810,22810,22810,22810,22810,22810,22810,22810,22810,22810,22810,22810,22810,22810,22810,,
Benin,BEN,112760,112760,112760,112760,112760,112760,112760,112760,112760,112760,112760,112760,112760,112760,112760,112760,112760,112760,112760,112760,112760,112760,,
Bermuda,BMU,54,54,54,54,54,54,54,54,54,54,54,54,54,54,54,54,54,54,54,54,54,54,,
Bhutan,BTN,39800,39800,39800,39800,38117,38117,38117,38117,38117,38117,38117,38117,38117,38117,38117,38117,38144,38144,38140,38140,38140,38140,,
Bolivia (Plurinational State of),BOL,1083300,1083300,1083300,1083300,1083300,1083300,1083300,1083300,1083300,1083300,1083300,1083300,1083300,1083300,1083300,1083300,1083300,1083300,1083300,1083300,1083300,1083300,,
Bosnia and Herzegovina,BIH,51200,51200,51200,51200,51200,51200,51200,51200,51200,51200,51200,51200,51200,51200,51200,51200,51200,51200,51200,51200,51200,51200,,
Botswana,BWA,566730,566730,566730,566730,566730,566730,566730,566730,566730,566730,566730,566730,566730,566730,566730,566730,566730,566730,566730,566730,566730,566730,,
Brazil,BRA,8358140,8358140,8358140,8358140,8358140,8358140,8358140,8358140,8358140,8358140,8358140,8358140,8358140,8358140,8358140,8358140,8358140,8358140,8358140,8358140,8358140,8358140,,
British Virgin Islands,VGB,150,150,150,150,150,150,150,150,150,150,150,150,150,150,150,150,150,150,150,150,150,150,,
Brunei Darussalam,BRN,5270,5270,5270,5270,5270,5270,5270,5270,5270,5270,5270,5270,5270,5270,5270,5270,5270,5270,5270,5270,5270,5270,,
Bulgaria,BGR,110630,110630,108800,108770,108760,108640,108630,108610,108610,108560,108560,108560,108560,108560,108560,108560,108560,108560,108560,108560,108560,108560,,
Burkina Faso,BFA,273600,273600,273600,273600,273600,273600,273600,273600,273600,273600,273600,273600,273600,273600,273600,273600,273600,273600,273600,273600,273600,273600,,
Burundi,BDI,25680,25680,25680,25680,25680,25680,25680,25680,25680,25680,25680,25680,25680,25680,25680,25680,25680,25680,25680,25680,25680,25680,,
Cabo Verde,CPV,4030,4030,4030,4030,4030,4030,4030,4030,4030,4030,4030,4030,4030,4030,4030,4030,4030,4030,4030,4030,4030,4030,,
Cambodia,KHM,176520,176520,176520,176520,176520,176520,176520,176520,176520,176520,176520,176520,176520,176520,176520,176520,176520,176520,176520,176520,176520,176520,,
Cameroon,CMR,472710,472710,472710,472710,472710,472710,472710,472710,472710,472710,472710,472710,472710,472710,472710,472710,472710,472710,472710,472710,472710,472710,,
Canada,CAN,8965590,8965590,8965590,8965590,8965590,8965590,8965590,8965590,8965590,8965590,8965590,8965590,8965590,8965590,8965590,8965590,8965590,8965590,8965590,8965590,8965590,8788700,,
Caribbean small states,CSS,404850,404850,404850,404850,404850,404850,404850,404850,404850,404850,404850,404850,404850,404850,404850,404850,404850,404850,404850,404850,404850,404850,,
Cayman Islands,CYM,240,240,240,240,240,240,240,240,240,240,240,240,240,240,240,240,240,240,240,240,240,240,,
Central African Republic,CAF,622980,622980,622980,622980,622980,622980,622980,622980,622980,622980,622980,622980,622980,622980,622980,622980,622980,622980,622980,622980,622980,622980,,
Chad,TCD,1259200,1259200,1259200,1259200,1259200,1259200,1259200,1259200,1259200,1259200,1259200,1259200,1259200,1259200,1259200,1259200,1259200,1259200,1259200,1259200,1259200,1259200,,
Channel Islands,CHI,198,198,198,198,198,198,198,198,198,198,198,198,198,198,198,198,198,198,198,198,198,198,,
Chile,CHL,743532,743532,743532,743532,743532,743532,743532,743532,743532,743532,743532,743532,743532,743532,743532,743532,743532,743532,743532,743532,743532,743532,,
China,CHN,9388220,9388214.2,9388213.2,9388212.7,9388212.5,9388211.8,9388211.4,9388210.8,9388210.8,9388211,9388211,9388211,9388211,9388211,9388211,9388211,9388210,9388210,9388210,9388210,9388210,9388210,,
Colombia,COL,1109500,1109500,1109500,1109500,1109500,1109500,1109500,1109500,1109500,1109500,1109500,1109500,1109500,1109500,1109500,1109500,1109500,1109500,1109500,1109500,1109500,1109500,,
Comoros,COM,1861,1861,1861,1861,1861,1861,1861,1861,1861,1861,1861,1861,1861,1861,1861,1861,1861,1861,1861,1861,1861,1861,,
Democratic Republic of the Congo,COD,2267050,2267050,2267050,2267050,2267050,2267050,2267050,2267050,2267050,2267050,2267050,2267050,2267050,2267050,2267050,2267050,2267050,2267050,2267050,2267050,2267050,2267050,,
Congo,COG,341500,341500,341500,341500,341500,341500,341500,341500,341500,341500,341500,341500,341500,341500,341500,341500,341500,341500,341500,341500,341500,341500,,
Costa Rica,CRI,51060,51060,51060,51060,51060,51060,51060,51060,51060,51060,51060,51060,51060,51060,51060,51060,51060,51060,51060,51060,51060,51060,,
Côte d'Ivoire,CIV,318000,318000,318000,318000,318000,318000,318000,318000,318000,318000,318000,318000,318000,318000,318000,318000,318000,318000,318000,318000,318000,318000,,
Croatia,HRV,55912,55912,55912,55964,55964,55964,55964,55964,55964,55964,55964,55964,55964,55964,55964,55964,55964,55964,55964,55964,55960,55960,,
Cuba,CUB,107400,107400,106390,106400,106410,106440,106430,106440,106440,106440,106440,106863,106649,104220,104020,104100,104040,103800,103800,103800,103800,103800,,
Curacao,CUW,,,,,,,,,,,,444,444,444,444,444,444,444,444,444,444,444,,
Cyprus,CYP,9240,9240,9240,9240,9240,9240,9240,9240,9240,9240,9240,9240,9240,9240,9240,9240,9240,9240,9240,9240,9240,9240,,
Czechia,CZE,77270,77270,77270,77270,77260,77260,77250,77250,77240,77240,77230,77230,77230,77220,77220,77210,77210,77210,77210,77205.5,77198.53,77186.83,,
Denmark,DNK,40000,40000,40000,40000,40000,40000,40000,40000,40000,40000,40000,40000,40000,40000,40000,40000,40000,40000,40000,40000,40000,40000,,
Djibouti,DJI,23180,23180,23180,23180,23180,23180,23180,23180,23180,23180,23180,23180,23180,23180,23180,23180,23180,23180,23180,23180,23180,23180,,
Dominica,DMA,750,750,750,750,750,750,750,750,750,750,750,750,750,750,750,750,750,750,750,750,750,750,,
Dominican Republic,DOM,48310,48310,48310,48310,48310,48310,48310,48310,48310,48310,48310,48310,48310,48310,48310,48310,48310,48310,48310,47531,47531,47531,,
Ecuador,ECU,248360,248360,248360,248360,248360,248360,248360,248360,248360,248360,248360,248360,248360,248360,248360,248360,248360,248360,248360,248360,248360,248360,,
Egypt,EGY,995450,995450,995450,995450,995450,995450,995450,995450,995450,995450,995450,995450,995450,995450,995450,995450,995450,995450,995450,995450,995450,995450,,
El Salvador,SLV,20720,20720,20720,20720,20720,20720,20720,20720,20720,20720,20720,20720,20720,20720,20720,20720,20720,20720,20720,20720,20720,20720,,
Equatorial Guinea,GNQ,28050,28050,28050,28050,28050,28050,28050,28050,28050,28050,28050,28050,28050,28050,28050,28050,28050,28050,28050,28050,28050,28050,,
Eritrea,ERI,101000,101000,101000,101000,120982.625,121025.326,121004.031,121032.606,121057.494,121069.592,121065.103,121088.989,121082.12,121049.278,121036.185,121088.775,121077.459,121071.233,121077.714,121080.546,121040.829,121040.829,,
Estonia,EST,42390,42390,42390,42390,42390,42390,42390,42390,42390,42390,42390,42390,42390,43470,43470,43470,43470,42750,42750,42750,42750,42750,,
Eswatini,SWZ,17200,17200,17200,17200,17200,17200,17200,17200,17200,17200,17200,17200,17200,17200,17200,17200,17200,17200,17200,17200,17200,17200,,
Ethiopia,ETH,1000000,1000000,1000000,1000000,1128597.297,1128599.766,1128613.221,1128631.059,1128568.396,1128588.692,1128570.952,1128575.061,1128582.022,1128572.048,1128538.282,1128539.353,1128558.509,1128552.82,1128561.429,1128570.858,1128571.265,1128571.265,,
Faroe Islands,FRO,1396,1396,1396,1396,1396,1396,1396,1396,1396,1396,1396,1396,1396,1396,1396,1396,1396,1396,1396,1396,1366,1370,,
Fiji,FJI,18270,18270,18270,18270,18270,18270,18270,18270,18270,18270,18270,18270,18270,18270,18270,18270,18270,18270,18270,18270,18270,18270,,
Finland,FIN,304590,304590,304590,304590,304590,304590,304110,304090,303900,303900,303900,303890,303890,303890,303890,303910,303910,303920,303920,303930,303940,303947.7,,
French Polynesia,PYF,3471,3471,3471,3471,3471,3471,3471,3471,3471,3471,3471,3471,3471,3471,3471,3471,3471,3471,3471,3471,3471,3471,,
Gabon,GAB,257670,257670,257670,257670,257670,257670,257670,257670,257670,257670,257670,257670,257670,257670,257670,257670,257670,257670,257670,257670,257670,257670,,
Gambia,GMB,10120,10120,10120,10120,10120,10120,10120,10120,10120,10120,10120,10120,10120,10120,10120,10120,10120,10120,10120,10120,10120,10120,,
Georgia,GEO,69490,69490,69490,69490,69490,69490,69490,69490,69490,69490,69490,69490,69490,69490,69490,69490,69490,69490,69490,69490,69490,69490,,
Germany,DEU,348950,348900,348860,348810,348770,348760,348720,348670,348630,348610,348570,348560,348540,348880,348900,348860,349360,349370,349380,349390,349390,349390,,
Ghana,GHA,227540,227540,227540,227540,227540,227540,227540,227540,227540,227540,227540,227540,227540,227540,227540,227540,227540,227540,227540,227540,227533,227533,,
Gibraltar,GIB,10,10,10,10,10,10,10,10,10,10,10,10,10,10,10,10,10,10,10,10,10,10,,
Greece,GRC,128900,128900,128900,128900,128900,128900,128900,128900,128900,128900,128900,128900,128900,128900,128900,128900,128900,128900,128900,128900,128900,128900,,
Greenland,GRL,410450,410450,410450,410450,410450,410450,410450,410450,410450,410450,410450,410450,410450,410450,410450,410450,410450,410450,410450,410450,410450,410450,,
Grenada,GRD,340,340,340,340,340,340,340,340,340,340,340,340,340,340,340,340,340,340,340,340,340,340,,
Guam,GUM,540,540,540,540,540,540,540,540,540,540,540,540,540,540,540,540,540,540,540,540,540,540,,
Guatemala,GTM,107160,107160,107160,107160,107160,107160,107160,107160,107160,107160,107160,107160,107160,107160,107160,107160,107160,107160,107160,107160,107160,107160,,
Guinea,GIN,245720,245720,245720,245720,245720,245720,245720,245720,245720,245720,245720,245720,245720,245720,245720,245720,245720,245720,245720,245720,245720,245720,,
Guinea-Bissau,GNB,28120,28120,28120,28120,28120,28120,28120,28120,28120,28120,28120,28120,28120,28120,28120,28120,28120,28120,28120,28120,28120,28120,,
Guyana,GUY,196850,196850,196850,196850,196850,196850,196850,196850,196850,196850,196850,196850,196850,196850,196850,196850,196850,196850,196850,196850,196850,196850,,
Haiti,HTI,27560,27560,27560,27560,27560,27560,27560,27560,27560,27560,27560,27560,27560,27560,27560,27560,27560,27560,27560,27560,27560,27560,,
Heavily indebted poor countries (HIPC),HPC,19753191,19753191,19753191,19753191,19901770.92,19901816.09,19901808.25,19901854.67,19901816.89,19901849.28,19902537.06,19902820.05,19394820.14,19394782.33,19394735.47,19394789.13,19394796.97,19394785.05,19394800.14,19394812.4,19394766.09,19394766.09,,
Honduras,HND,111890,111890,111890,111890,111890,111890,111890,111890,111890,111890,111890,111890,111890,111890,111890,111890,111890,111890,111890,111890,111890,111890,,
"China, Hong Kong SAR",HKG,1050,1050,1050,1050,1050,1050,1050,1050,1050,1050,1050,1050,1050,1050,1050,1050,1050,1050,1050,1050,1050,1050,,
Hungary,HUN,89620,89620,89620,89620,89620,89610,89610,89610,89610,90530,90530,90530,90530,90530,91260,91260,91260,91260,91260,91260,91260,91260,,
Iceland,ISL,100250,100250,100250,100250,100250,100250,100250,100250,100250,100250,100250,100250,100250,100250,100250,100250,100250,100250,100830,100830,100830,100830,,
India,IND,2973190,2973190,2973190,2973190,2973190,2973190,2973190,2973190,2973190,2973190,2973190,2973190,2973190,2973190,2973190,2973190,2973190,2973190,2973190,2973190,2973190,2973190,,
Indonesia,IDN,1877519,1877519,1877519,1877519,1877519,1877519,1877519,1877519,1877519,1877519,1877519,1877519,1877519,1877519,1877519,1877519,1877519,1877519,1877519,1877519,1877519,1892555.47,,
Iran (Islamic Republic of),IRN,1628760,1628760,1628760,1628760,1628760,1628760,1628760,1628760,1628760,1628760,1628760,1628760,1628760,1628760,1628760,1628760,1628760,1622500,1622500,1622500,1622500,1622500,,
Iraq,IRQ,437370,437370,437370,437370,437370,437370,437370,437370,437370,434320,434320,434320,434320,434128,434128,434128,434128,434128,434128,434128,434128,434128,,
Ireland,IRL,68890,68890,68890,68890,68890,68890,68890,68890,68890,68890,68890,68890,68890,68890,68890,68890,68890,68890,68890,68890,68890,68890,,
Isle of Man,IMN,570,570,570,570,570,570,570,570,570,570,570,570,570,570,570,570,570,570,570,570,570,570,,
Israel,ISR,21640,21640,21640,21640,21640,21640,21640,21640,21640,21640,21640,21640,21640,21640,21640,21640,21640,21640,21640,21640,21640,21640,,
Italy,ITA,295718,295718,295718,295718,295718,295718,295718,295718,295718,295718,295718,295718,295718,295718,295718,295718,295718,295718,295718,295717,295717,295717,,
Jamaica,JAM,10830,10830,10830,10830,10830,10830,10830,10830,10830,10830,10830,10830,10830,10830,10830,10830,10830,10830,10830,10830,10830,10830,,
Japan,JPN,364500,364500,364500,364500,364500,364500,364500,364500,364500,364500,364500,364500,364500,364500,364500,364500,364500,364500,364500,364500,364500,364500,,
Jordan,JOR,88240,88240,88240,88240,88240,88240,88240,88240,88240,88780,88780,88780,88780,88780,88780,88780,88780,88780,88780,88794,88794,88794,,
Kazakhstan,KAZ,2699700,2699700,2699700,2699700,2699700,2699700,2699700,2699700,2699700,2699700,2699700,2699700,2699700,2699700,2699700,2699700,2699700,2699700,2699700,2699700,2699700,2699700,,
Kenya,KEN,569140,569140,569140,569140,569140,569140,569140,569140,569140,569140,569140,569140,569140,569140,569140,569140,569140,569140,569140,569140,569140,569140,,
Kiribati,KIR,810,810,810,810,810,810,810,810,810,810,810,810,810,810,810,810,810,810,810,810,810,810,,
Democratic People's Republic of Korea,PRK,120410,120410,120410,120410,120410,120410,120410,120410,120410,120410,120410,120410,120410,120410,120410,120410,120410,120410,120410,120410,120410,120410,,
Republic of Korea,KOR,96460,96740,96790,96800,96820,96850,96880,96920,96990,97060,97200,97190,97310,97426,97430,97445,97489,97510,97520,97600,97600,97600,,
Kosovo,XKX,,,,,,,,,,,,,,,,,,,,,,,,
Kuwait,KWT,17820,17820,17820,17820,17820,17820,17820,17820,17820,17820,17820,17820,17820,17820,17820,17820,17820,17820,17820,17820,17820,17820,,
Kyrgyz Republic,KGZ,191800,191800,191800,191800,191800,191800,191800,191800,191800,191800,191800,191800,191800,191800,191800,191800,191800,191800,191800,191800,191800,191800,,
Lao PDR,LAO,230800,230800,230800,230800,230800,230800,230800,230800,230800,230800,230800,230800,230800,230800,230800,230800,230800,230800,230800,230800,230800,230800,,
Latvia,LVA,62227,62227,62227,62227,62227,62227,62227,62227,62227,62227,62227,62227,62227,62227,62227,62227,62227,62227,62227,62227,62230,62230,,
Lebanon,LBN,10230,10230,10230,10230,10230,10230,10230,10230,10230,10230,10230,10230,10230,10230,10230,10230,10230,10230,10230,10230,10230,10230,,
Lesotho,LSO,30360,30360,30360,30360,30360,30360,30360,30360,30360,30360,30360,30360,30360,30360,30360,30360,30360,30360,30360,30360,30360,30360,,
Liberia,LBR,96320,96320,96320,96320,96320,96320,96320,96320,96320,96320,96320,96320,96320,96320,96320,96320,96320,96320,96320,96320,96320,96320,,
Libya,LBY,1759540,1759540,1759540,1759540,1759540,1759540,1759540,1759540,1759540,1759540,1759540,1759540,1759540,1759540,1759540,1759540,1759540,1759540,1759540,1759540,1759540,1759540,,
Liechtenstein,LIE,160,160,160,160,160,160,160,160,160,160,160,160,160,160,160,160,160,160,160,160,160,160,,
Lithuania,LTU,62680,62680,62680,62680,62680,62680,62680,62680,62675,62675,62675,62674,62674,62675,62650,62650,62642,62641,62630,62620,62620,62610,,
Luxembourg,LUX,2574.46,2574.46,2574.46,2574.46,2574.46,2574.46,2574.46,2574.46,2574.46,2574.46,2574.46,2574.46,2574.46,2574.46,2574.46,2574.46,2574.46,2574.46,2574.46,2574.46,2574.46,2574.46,,
"Macao SAR, China",MAC,20,26,27,27,28,28,28.6,29.2,29.2,29.5,29.7,29.9,29.9,30.3,30.3,30.4,30.5,30.8,32.9,32.9,32.9,33,,
Madagascar,MDG,581540,581540,581540,581540,581540,581540,581540,581540,581540,581540,581540,581795,581795,581800,581800,581800,581800,581800,581800,581800,581800,581800,,
Malawi,MWI,94280,94280,94280,94280,94280,94280,94280,94280,94280,94280,94280,94280,94280,94280,94280,94280,94280,94280,94280,94280,94280,94280,,
Malaysia,MYS,328550,328550,328550,328550,328550,328550,328550,328550,328550,328550,328550,328550,328550,328550,328550,328550,328550,328550,328550,328550,328550,328550,,
Maldives,MDV,300,300,300,300,300,300,300,300,300,300,300,300,300,300,300,300,300,300,300,300,300,300,,
Mali,MLI,1220190,1220190,1220190,1220190,1220190,1220190,1220190,1220190,1220190,1220190,1220190,1220190,1220190,1220190,1220190,1220190,1220190,1220190,1220190,1220190,1220190,1220190,,
Malta,MLT,320,320,320,320,320,320,320,320,320,320,320,320,320,320,320,320,320,320,320,320,320,320,,
Marshall Islands,MHL,180,180,180,180,180,180,180,180,180,180,180,180,180,180,180,180,180,180,180,180,180,180,,
Mauritania,MRT,1030700,1030700,1030700,1030700,1030700,1030700,1030700,1030700,1030700,1030700,1030700,1030700,1030700,1030700,1030700,1030700,1030700,1030700,1030700,1030700,1030700,1030700,,
Mauritius,MUS,2030,2030,2030,2030,2030,2030,2030,2030,2030,2030,2030,1997,1997,1997,1997,1997,1997,1997,1997,1997,1997,1997,,
Mexico,MEX,1943950,1943950,1943950,1943950,1943950,1943950,1943950,1943950,1943950,1943950,1943950,1943950,1943950,1943950,1943950,1943950,1943950,1943950,1943950,1943950,1943950,1943950,,
Micronesia (Federated States of),FSM,700,700,700,700,700,700,700,700,700,700,700,700,700,700,700,700,700,700,700,700,700,700,,
Moldova,MDA,32880,32880,32880,32870,32880,32890,32890,32890,32890,32890,32850,32850,32860,32880,32880,32880,32880,32890,32885.3,32885.9,32884.6,32970,,
Monaco,MCO,2.027,2.027,2.027,2.027,2.027,2.027,2.027,2.027,2.027,2.027,2.027,2.027,2.027,2.027,2.027,2.027,2.027,2.027,2.027,2.027,2.027,2.084,,
Mongolia,MNG,1547438.742,1547438.742,1547438.968,1554686.058,1554444.019,1554444.091,1557459.093,1557459.093,1557465.087,1557465.134,1557292.418,1557251.947,1557251.946,1557253.053,1557252.921,1557255.4,1557255.4,1557255.4,1557255,1557258,1557506.803,1557507,,
Montenegro,MNE,,,,,,,13450,13450,13450,13450,13450,13450,13450,13450,13450,13450,13450,13450,13450,13450,13450,13450,,
Morocco,MAR,446300,446300,446300,446300,446300,446300,446300,446300,446300,446300,446300,446300,446300,446300,446300,446300,446300,446300,446300,446300,446300,446300,,
Mozambique,MOZ,786380,786380,786380,786380,786380,786380,786380,786380,786380,786380,786380,786380,786380,786380,786380,786380,786380,786380,786380,786380,786380,786380,,
Myanmar,MMR,653540,653540,653540,653540,653420,653360,653470,653520,653310,653300,653260,653290,653150,653080,653080,653080,652780,652750,652700,652700,652670,652670,,
Namibia,NAM,823290,823290,823290,823290,823290,823290,823290,823290,823290,823290,823290,823290,823290,823290,823290,823290,823290,823290,823290,823290,823290,823290,,
Nauru,NRU,20,20,20,20,20,20,20,20,20,20,20,20,20,20,20,20,20,20,20,20,20,20,,
Nepal,NPL,143350,143350,143350,143350,143350,143350,143350,143350,143350,143350,143350,143350,143350,143350,143350,143350,143350,143350,143350,143350,143350,143350,,
Netherlands Antilles (former),NLD,33760,33760,33760,33760,33760,33760,33760,33760,33760,33730,33730,33720,33720,33690,33690,33670,33670,33670,33670,33670,33670,33670,,
New Caledonia,NCL,18280,18280,18280,18280,18280,18280,18280,18280,18280,18280,18280,18280,18280,18280,18280,18280,18280,18280,18280,18280,18280,18280,,
New Zealand,NZL,263310,263310,263310,263310,263310,263310,263310,263310,263310,263310,263310,263310,263310,263310,263310,263310,263310,263310,263310,263310,263310,263310,,
Nicaragua,NIC,120340,120340,120340,120340,120340,120340,120340,120340,120340,120340,120340,120340,120340,120340,120340,120340,120340,120340,120340,120340,120340,120340,,
Niger,NER,1266700,1266700,1266700,1266700,1266700,1266700,1266700,1266700,1266700,1266700,1266700,1266700,1266700,1266700,1266700,1266700,1266700,1266700,1266700,1266700,1266700,1266700,,
Nigeria,NGA,910770,910770,910770,910770,910770,910770,910770,910770,910770,910770,910770,910770,910770,910770,910770,910770,910770,910770,910770,910770,910770,910770,,
North America,NAC,18127564,18127564,18127564,18127564,18127564,18127564,18127564,18127564,18113064,18113064,18113064,18113064,18113064,18113064,18113064,18113064,18113064,18113064,18113064,18113064,18113064,17936174,,
North Macedonia,MKD,25430,25430,25430,25430,25430,25430,25430,25230,25230,25220,25220,25220,25220,25220,25220,25220,25220,25220,25220,25220,25220,25220,,
Northern Mariana Islands,MNP,460,460,460,460,460,460,460,460,460,460,460,460,460,460,460,460,460,460,460,460,460,460,,
Norway,NOR,365244,365244,365244,365244,365244,365244,365244,365244,365244,365244,365244,365244,365244,365122.96,365108,365190.7,365145.73,365123,365108,365094,364285,364270,,
Oman,OMN,309500,309500,309500,309500,309500,309500,309500,309500,309500,309500,309500,309500,309500,309500,309500,309500,309500,309500,309500,309500,309500,309500,,
Pakistan,PAK,770880,770880,770880,770880,770880,770880,770880,770880,770880,770880,770880,770880,770880,770880,770880,770880,770880,770880,770880,770880,770880,770880,,
Palau,PLW,460,460,460,460,460,460,460,460,460,460,460,460,460,460,460,460,460,460,460,460,460,460,,
Panama,PAN,74340,74340,74340,74340,74340,74340,74340,74340,74340,74340,74340,74340,74340,74340,74120,74120,74120,74120,74180,74180,74180,74180,,
Papua New Guinea,PNG,452860,452860,452860,452860,452860,452860,452860,452860,452860,452860,452860,452860,452860,452860,452860,452860,452860,452860,452860,452860,452860,452860,,
Paraguay,PRY,397300,397300,397300,397300,397300,397300,397300,397300,397300,397300,397300,397300,397300,397300,397300,397300,397300,397300,397300,397300,397300,397300,,
Peru,PER,1280000,1280000,1280000,1280000,1280000,1280000,1280000,1280000,1280000,1280000,1280000,1280000,1280000,1280000,1280000,1280000,1280000,1280000,1280000,1280000,1280000,1280000,,
Philippines,PHL,298170,298170,298170,298170,298170,298170,298170,298170,298170,298170,298170,298170,298170,298170,298170,298170,298170,298170,298170,298170,298170,298170,,
Poland,POL,306290,306290,306290,306240,306330,306330,306320,306320,306300,306280,306280,306230,306220,306210,306190,306190,306190,306190,306170,306110,306130,306100,,
Portugal,PRT,91500,91500,91500,91500,91500,91470,91470,91470,91470,91590,91590,91590,91590,91605.2,91605.6,91605.6,91605.6,91605.6,91605.6,91605.6,91605.6,91605.6,,
Puerto Rico,PRI,8870,8870,8870,8870,8870,8870,8870,8870,8870,8870,8870,8870,8870,8870,8870,8870,8870,8870,8870,8870,8870,8870,,
Qatar,QAT,11610,11610,11610,11610,11610,11610,11610,11610,11610,11610,11610,11610,11610,11610,11490,11490,11490,11490,11490,11490,11490,11490,,
Romania,ROU,229710,229710,229870,229950,230000,229980,229980,229890,229900,230060,230050,230170,230020,230030,230080,230080,230080,230080,230080,230080,230080,230080,,
Russian Federation,RUS,16381340,16380440,16380940,16380980,16381230,16381390,16377740,16377740,16376870,16376870,16376870,16376870,16376870,16376870,16376870,16376870,16376870,16376870,16376870,16376870,16376870,16376870,,
Rwanda,RWA,24670,24670,24670,24670,24670,24670,24670,24670,24670,24670,24670,24670,24670,24670,24670,24670,24670,24670,24670,24670,24670,24670,,
Samoa,WSM,2830,2830,2830,2830,2830,2830,2830,2830,2830,2830,2830,2830,2830,2830,2830,2830,2830,2780,2780,2780,2780,2780,,
San Marino,SMR,60,60,60,60,60,60,60,60,60,60,60,60,60,60,60,60,60,60,60,60,60,60,,
Sao Tome and Principe,STP,960,960,960,960,960,960,960,960,960,960,960,960,960,960,960,960,960,960,960,960,960,960,,
Saudi Arabia,SAU,2149690,2149690,2149690,2149690,2149690,2149690,2149690,2149690,2149690,2149690,2149690,2149690,2149690,2149690,2149690,2149690,2149690,2149690,2149690,2149690,2149690,2149690,,
Senegal,SEN,192530,192530,192530,192530,192530,192530,192530,192530,192530,192530,192530,192530,192530,192530,192530,192530,192530,192530,192530,192530,192530,192530,,
Serbia,SRB,,,,,,,87460,87460,87460,87460,87460,87460,87460,87460,87460,87460,87460,87460,87460,87460,84090,84090,,
Seychelles,SYC,460,460,460,460,460,460,460,460,460,460,460,460,460,460,460,460,460,460,460,460,460,460,,
Sierra Leone,SLE,72180,72180,72180,72180,72180,72180,72180,72180,72180,72180,72180,72180,72180,72180,72180,72180,72180,72180,72180,72180,72180,72180,,
Singapore,SGP,670,670,675,687,689,689,694,695,700,700,702,704,706,707,709,709,709,712,714,716,718,718,,
Sint Maarten (Dutch part),SXM,,,,,,,,,,,,34,34,34,34,34,34,34,34,34,34,34,,
Slovakia,SVK,48100,48100,48100,48110,48100,48100,48100,48100,48100,48090,48091,48088,48088,48088,48080,48082,48080,48080,48080,48080,48080,48080,,
Slovenia,SVN,20140,20140,20140,20140,20140,20140,20140,20140,20146.2,20145.8,20146.2,20146,20145.7,20140,20140,20142.6,20142,20138.1,20136.4,20136.4,20136.4,20136.4,,
Solomon Islands,SLB,27990,27990,27990,27990,27990,27990,27990,27990,27990,27990,27990,27990,27990,27990,27990,27990,27990,27990,27990,27990,27990,27990,,
Somalia,SOM,627340,627340,627340,627340,627340,627340,627340,627340,627340,627340,627340,627340,627340,627340,627340,627340,627340,627340,627340,627340,627340,627340,,
South Africa,ZAF,1213090,1213090,1213090,1213090,1213090,1213090,1213090,1213090,1213090,1213090,1213090,1213090,1213090,1213090,1213090,1213090,1213090,1213090,1213090,1213090,1213090,1213090,,
South Asia,SAS,4772630,4772630,4772630,4772630,4770947,4770947,4770947,4770947,4770947,4770947,4770947,4770947,4770947,4770947,4770947,4770130,4770157,4770157,4770124,4770124.47,4770120,4770120,,
South Asia (IDA & IBRD),TSA,4772630,4772630,4772630,4772630,4770947,4770947,4770947,4770947,4770947,4770947,4770947,4770947,4770947,4770947,4770947,4770130,4770157,4770157,4770124,4770124.47,4770120,4770120,,
South Sudan,SSD,,,,,,,,,,,,,631930,631930,631930,631930,631930,631930,631930,631930,631930,631930,,
Spain,ESP,499000,498520,499040,499210,499180,499090,498980,499110,498800,498660,500010,499880,500210,500210,500210,499661,499564,499547.35,499603.479,499570.036,499556.645,499733.244,,
Sri Lanka,LKA,62710,62710,62710,62710,62710,62710,62710,62710,62710,62710,62710,62710,62710,62710,62710,61893,61893,61893,61864,61864.47,61860,61860,,
St. Kitts and Nevis,KNA,260,260,260,260,260,260,260,260,260,260,260,260,260,260,260,260,260,260,260,260,260,260,,
St. Lucia,LCA,610,610,610,610,610,610,610,610,610,610,610,610,610,610,610,610,610,610,610,610,610,610,,
St. Martin (French part),MAF,,,,,,,,,,,,50,50,50,50,50,50,50,50,50,50,50,,
St. Vincent and the Grenadines,VCT,390,390,390,390,390,390,390,390,390,390,390,390,390,390,390,390,390,390,390,390,390,390,,
Sudan (former),SDN,2376000,2376000,2376000,2376000,2376000,2376000,2376000,2376000,2376000,2376000,2376000,2376000,1868000,1868000,1868000,1868000,1868000,1868000,1868000,1868000,1868000,1868000,,
Suriname,SUR,156000,156000,156000,156000,156000,156000,156000,156000,156000,156000,156000,156000,156000,156000,156000,156000,156000,156000,156000,156000,156000,156000,,
Sweden,SWE,407339.7,407339.7,407339.7,407339.7,407339.7,407339.7,407339.7,407339.7,407339.7,407339.7,407339.7,407339.7,407339.7,407339.7,407339.7,407310.64,407310.64,407310.64,407310.64,407283.59,407283.532,407283.54,,
Switzerland,CHE,39523.581,39522.36,39521.139,39519.917,39518.694,39517.47,39516.245,39515.02,39514.422,39513.824,39513.225,39512.626,39512.028,39511.428,39510.829,39510.23,39509.63,39509.63,39509.63,39509.63,39509.63,39509.63,,
Syrian Arab Republic,SYR,183780,183780,183780,183590,183570,183570,183630,183640,183640,183640,183630,183630,183630,183630,183630,183630,183630,183630,183630,183630,183630,183630,,
Tajikistan,TJK,139960,139960,139960,139960,139960,139960,139960,139960,139960,139960,139960,139960,139960,139960,138786,138790,138790,138790,138790,138790,138790,138790,,
United Republic of Tanzania,TZA,885800,885800,885800,885800,885800,885800,885800,885800,885800,885800,885800,885800,885800,885800,885800,885800,885800,885800,885800,885800,885800,885800,,
Thailand,THA,510890,510890,510890,510890,510890,510890,510890,510890,510890,510890,510890,510890,510890,510890,510890,510890,510890,510890,510890,510890,510890,510890,,
Timor-Leste,TLS,14870,14870,14870,14870,14870,14870,14870,14870,14870,14870,14870,14870,14870,14870,14870,14870,14870,14870,14870,14870,14870,14870,,
Togo,TGO,54390,54390,54390,54390,54390,54390,54390,54390,54390,54390,54390,54390,54390,54390,54390,54390,54390,54390,54390,54390,54390,54390,,
Tonga,TON,720,720,720,720,720,720,720,720,720,720,720,720,720,720,720,720,720,720,720,720,720,720,,
Trinidad and Tobago,TTO,5130,5130,5130,5130,5130,5130,5130,5130,5130,5130,5130,5130,5130,5130,5130,5130,5130,5130,5130,5130,5130,5130,,
Tunisia,TUN,155360,155360,155360,155360,155360,155360,155360,155360,155360,155360,155360,155360,155360,155360,155360,155360,155360,155360,155360,155360,155360,155360,,
Türkiye,TUR,769630,769630,769630,769630,769630,769630,769630,769630,769630,769630,769630,769630,769630,769630,769630,769630,769630,769630,769630,769630,769630,769630,,
Turkmenistan,TKM,469930,469930,469930,469930,469930,469930,469930,469930,469930,469930,469930,469930,469930,469930,469930,469930,469930,469930,469930,469930,469930,469930,,
Turks and Caicos Islands,TCA,950,950,950,950,950,950,950,950,950,950,950,950,950,950,950,950,950,950,950,950,950,950,,
Tuvalu,TUV,30,30,30,30,30,30,30,30,30,30,30,30,30,30,30,30,30,30,30,30,30,30,,
Uganda,UGA,199810,199810,199810,199810,199810,199810,199810,199810,199810,199810,200520,200520,200520,200520,200520,200520,200520,200520,200520,200520,200520,200520,,
Ukraine,UKR,579350,579350,579340,579340,579340,579380,579360,579330,579320,579320,579320,579320,579320,579320,579290,579290,579290,579300,579400,579400,579400,579400,,
United Arab Emirates,ARE,71020,71020,71020,71020,71020,71020,71020,71020,71020,71020,71020,71020,71020,71020,71020,71020,71020,71020,71020,71020,71020,71020,,
United Kingdom of Great Britain and Northern Ireland,GBR,241930,241930,241930,241930,241930,241930,241930,241930,241930,241930,241930,241930,241930,241930,241930,241930,241930,241930,241930,241930,241930,241930,,
United States of America,USA,9161920,9161920,9161920,9161920,9161920,9161920,9161920,9161920,9147420,9147420,9147420,9147420,9147420,9147420,9147420,9147420,9147420,9147420,9147420,9147420,9147420,9147420,,
Uruguay,URY,175020,175020,175020,175020,175020,175020,175020,175020,175020,175020,175020,175020,175020,175020,175020,175020,175020,175020,175020,175020,175020,175020,,
Uzbekistan,UZB,435965,435911,435911,435877,435853,435849,435850,435984,435967,435945,435892,435809,435800,435789,435789,440600,440591,440588,440587,440555,440650,440653,,
Vanuatu,VUT,12190,12190,12190,12190,12190,12190,12190,12190,12190,12190,12190,12190,12190,12190,12190,12190,12190,12190,12190,12190,12190,12190,,
Venezuela (Bolivarian Republic of),VEN,882050,882050,882050,882050,882050,882050,882050,882050,882050,882050,882050,882050,882050,882050,882050,882050,882050,882050,882050,882050,882050,882050,,
Viet Nam,VNM,311060,311090,310550,310070,310070,312837,312795,312558,312792,312762,313294,313284,313457,313007.33,313371,313383,313387,313403,313429,313429,313429,313429,,
Virgin Islands (U.S.),VIR,350,350,350,350,350,350,350,350,350,350,350,350,350,350,350,350,350,350,350,350,350,350,,
Yemen,YEM,527970,527970,527970,527970,527970,527970,527970,527970,527970,527970,527970,527970,527970,527970,527970,527970,527970,527970,527970,527970,527970,527970,,
Zambia,ZMB,743390,743390,743390,743390,743390,743390,743390,743390,743390,743390,743390,743390,743390,743390,743390,743390,743390,743390,743390,743390,743390,743390,,
Zimbabwe,ZWE,386850,386850,386850,386850,386850,386850,386850,386850,386850,386850,386850,386850,386850,386850,386850,386850,386850,386850,386850,386850,386850,386850,,
"China, Taiwan Province of",TWN,36197,36197,36197,36197,36197,36197,36197,36197,36197,36197,36197,36197,36197,36197,36197,36197,36197,36197,36197,36197,36197,36197,,
Cook Islands,COK,236,236,236,236,236,236,236,236,236,236,236,236,236,236,236,236,236,236,236,236,236,236,,
Falkland Islands (Malvinas),FLK,12173,12173,12173,12173,12173,12173,12173,12173,12173,12173,12173,12173,12173,12173,12173,12173,12173,12173,12173,12173,12173,12173,,
French Guiana,GUF,83534,83534,83534,83534,83534,83534,83534,83534,83534,83534,83534,83534,83534,83534,83534,83534,83534,83534,83534,83534,83534,83534,,
Guadeloupe,GLP,1628,1628,1628,1628,1628,1628,1628,1628,1628,1628,1628,1628,1628,1628,1628,1628,1628,1628,1628,1628,1628,1628,,
Martinique,MTQ,1128,1128,1128,1128,1128,1128,1128,1128,1128,1128,1128,1128,1128,1128,1128,1128,1128,1128,1128,1128,1128,1128,,
Mayotte,MYT,374,374,374,374,374,374,374,374,374,374,374,374,374,374,374,374,374,374,374,374,374,374,,
Montserrat,MSR,102,102,102,102,102,102,102,102,102,102,102,102,102,102,102,102,102,102,102,102,102,102,,
Niune,NIU,261,261,261,261,261,261,261,261,261,261,261,261,261,261,261,261,261,261,261,261,261,261,,
Norfolk Island,NFK,34,34,34,34,34,34,34,34,34,34,34,34,34,34,34,34,34,34,34,34,34,34,,
Palestine,PSE,6020,6020,6020,6020,6020,6020,6020,6020,6020,6020,6020,6020,6020,6020,6020,6020,6020,6020,6020,6020,6020,6020,,
Pitcairn,PCN,47,47,47,47,47,47,47,47,47,47,47,47,47,47,47,47,47,47,47,47,47,47,,
Réunion,REU,2511,2511,2511,2511,2511,2511,2511,2511,2511,2511,2511,2511,2511,2511,2511,2511,2511,2511,2511,2511,2511,2511,,
"Saint Helena, Ascension and Tristan da Cunha",SHN,394,394,394,394,394,394,394,394,394,394,394,394,394,394,394,394,394,394,394,394,394,394,,
Saint Pierre and Miquelon,SPM,242,242,242,242,242,242,242,242,242,242,242,242,242,242,242,242,242,242,242,242,242,242,,
Svalbard and Jan Mayen Islands,SJM,61339,61339,61339,61339,61339,61339,61339,61339,61339,61339,61339,61339,61339,61339,61339,61339,61339,61339,61339,61339,61339,61339,,
Tokelau,TKL,10,10,10,10,10,10,10,10,10,10,10,10,10,10,10,10,10,10,10,10,10,10,,
Wallis and Futuna Islands,WLF,142,142,142,142,142,142,142,142,142,142,142,142,142,142,142,142,142,142,142,142,142,142,,
France,FRA,547567,547557,547557,547557,547557,547557,547557,547557,547557,547557,547557,547557,547557,547557,547557,547557,547557,547557,547557,547557,547557,547557,,